rank,file,t_sec,score,U,A,D,n_boxes,n_ambiguous,empty,selected
1,frame_0070.jpg,28.0,0.7993,0.8558,0.5714,1.0,8,4,False,True
2,frame_0069.jpg,27.6,0.7882,0.7478,0.7143,1.0,7,5,False,False
3,frame_0030.jpg,12.0,0.778,0.6417,0.8571,1.0,7,6,False,True
4,frame_0067.jpg,26.8,0.7478,0.7528,0.5714,1.0,9,4,False,False
5,frame_0033.jpg,13.2,0.7421,0.6556,0.7143,1.0,7,5,False,False
6,frame_0292.jpg,116.8,0.7355,0.8081,0.5714,0.8,7,4,False,True
7,frame_0291.jpg,116.4,0.734,0.7034,0.7143,0.84,9,5,False,False
8,frame_0375.jpg,150.0,0.72,0.8457,0.8571,0.2,10,6,False,True
9,frame_0005.jpg,2.0,0.7198,0.6967,0.5714,1.0,5,4,False,True
10,frame_0079.jpg,31.6,0.7175,0.6864,0.7143,0.8,8,5,False,True
11,frame_0004.jpg,1.6,0.7087,0.6746,0.5714,1.0,7,4,False,False
12,frame_0068.jpg,27.2,0.7084,0.5882,0.7143,1.0,9,5,False,False
13,frame_0132.jpg,52.8,0.7084,0.6739,0.5714,1.0,6,4,False,True
14,frame_0387.jpg,154.8,0.7074,0.8206,0.8571,0.2,9,6,False,True
15,frame_0021.jpg,8.4,0.7057,0.6685,0.5714,1.0,6,4,False,True
16,frame_0074.jpg,29.6,0.6998,0.6568,0.5714,1.0,7,4,False,False
17,frame_0002.jpg,0.8,0.6989,0.7406,0.4286,1.0,8,3,False,False
18,frame_0319.jpg,127.6,0.6966,0.6812,1.0,0.28,9,7,False,True
19,frame_0278.jpg,111.2,0.6953,0.834,0.7143,0.32,9,5,False,True
20,frame_0378.jpg,151.2,0.69,0.8338,0.8571,0.08,10,6,False,False
21,frame_0016.jpg,6.4,0.6863,0.6297,0.5714,1.0,7,4,False,True
22,frame_0128.jpg,51.2,0.6788,0.7644,0.4286,0.84,7,3,False,False
23,frame_0073.jpg,29.2,0.6772,0.783,0.2857,1.0,7,2,False,False
24,frame_0001.jpg,0.4,0.6643,0.5858,0.5714,1.0,11,4,False,False
25,frame_0167.jpg,66.8,0.6613,0.7398,0.5714,0.6,6,4,False,False
26,frame_0007.jpg,2.8,0.6566,0.4847,0.7143,1.0,6,5,False,False
27,frame_0116.jpg,46.4,0.6559,0.7392,0.7143,0.36,10,5,False,False
28,frame_0089.jpg,35.6,0.6533,0.718,0.7143,0.4,6,5,False,False
29,frame_0288.jpg,115.2,0.6516,0.8437,0.2857,0.72,7,2,False,False
30,frame_0003.jpg,1.2,0.6504,0.558,0.5714,1.0,8,4,False,False
31,frame_0210.jpg,84.0,0.6502,0.6855,0.5714,0.68,4,4,False,False
32,frame_0277.jpg,110.8,0.6501,0.8454,0.5714,0.28,8,4,False,False
33,frame_0367.jpg,146.8,0.65,0.8395,0.7143,0.08,9,5,False,False
34,frame_0170.jpg,68.0,0.6495,0.7642,0.5714,0.48,7,4,False,False
35,frame_0209.jpg,83.6,0.645,0.9162,0.1429,0.72,3,1,False,False
36,frame_0330.jpg,132.0,0.6427,0.8408,0.7143,0.04,9,5,False,False
37,frame_0080.jpg,32.0,0.6408,0.5491,0.7143,0.76,7,5,False,False
38,frame_0072.jpg,28.8,0.6395,0.6219,0.4286,1.0,6,3,False,False
39,frame_0031.jpg,12.4,0.6375,0.6179,0.4286,1.0,10,3,False,False
40,frame_0076.jpg,30.4,0.6374,0.6496,0.4286,0.92,7,3,False,False
41,frame_0075.jpg,30.0,0.6339,0.7124,0.2857,0.96,8,2,False,False
42,frame_0368.jpg,147.2,0.633,0.8214,0.7143,0.04,10,5,False,False
43,frame_0000.jpg,0.0,0.6313,0.6911,0.2857,1.0,9,2,False,False
44,frame_0370.jpg,148.0,0.6288,0.7274,0.8571,0.04,10,6,False,False
45,frame_0113.jpg,45.2,0.6265,0.7285,0.7143,0.24,7,5,False,False
46,frame_0029.jpg,11.6,0.6261,0.6808,0.2857,1.0,7,2,False,False
47,frame_0006.jpg,2.4,0.6229,0.503,0.5714,1.0,4,4,False,False
48,frame_0126.jpg,50.4,0.6228,0.6845,0.4286,0.76,7,3,False,False
49,frame_0014.jpg,5.6,0.6225,0.5878,0.4286,1.0,7,3,False,False
50,frame_0377.jpg,150.8,0.6192,0.7618,0.7143,0.12,11,5,False,False
51,frame_0300.jpg,120.0,0.617,0.6992,0.5714,0.48,8,4,False,False
52,frame_0230.jpg,92.0,0.6169,0.843,0.5714,0.12,10,4,False,False
53,frame_0127.jpg,50.8,0.6159,0.569,0.5714,0.8,7,4,False,False
54,frame_0231.jpg,92.4,0.6158,0.7391,0.7143,0.16,9,5,False,False
55,frame_0078.jpg,31.2,0.6124,0.7173,0.2857,0.84,8,2,False,False
56,frame_0290.jpg,116.0,0.6098,0.5568,0.5714,0.8,7,4,False,False
57,frame_0098.jpg,39.2,0.6087,0.6871,0.8571,0.04,7,6,False,False
58,frame_0388.jpg,155.2,0.6086,0.7246,0.7143,0.16,9,5,False,False
59,frame_0017.jpg,6.8,0.6035,0.5499,0.4286,1.0,4,3,False,False
60,frame_0176.jpg,70.4,0.5979,0.757,0.5714,0.24,8,4,False,False
61,frame_0015.jpg,6.0,0.5942,0.7026,0.1429,1.0,6,1,False,False
62,frame_0396.jpg,158.4,0.5914,0.6902,0.7143,0.16,8,5,False,False
63,frame_0105.jpg,42.0,0.5893,0.8037,0.5714,0.08,5,4,False,False
64,frame_0208.jpg,83.2,0.5865,0.6119,0.4286,0.76,4,3,False,False
65,frame_0276.jpg,110.4,0.5851,0.7314,0.5714,0.24,11,4,False,False
66,frame_0131.jpg,52.4,0.5849,0.5286,0.4286,0.96,5,3,False,False
67,frame_0297.jpg,118.8,0.5844,0.7574,0.2857,0.6,7,2,False,False
68,frame_0315.jpg,126.0,0.5836,0.6906,0.7143,0.12,6,5,False,False
69,frame_0328.jpg,131.2,0.5836,0.7924,0.5714,0.08,11,4,False,False
70,frame_0332.jpg,132.8,0.5794,0.8,0.5714,0.04,8,4,False,False
71,frame_0379.jpg,151.6,0.5789,0.7133,0.7143,0.04,11,5,False,False
72,frame_0169.jpg,67.6,0.5781,0.7767,0.2857,0.52,9,2,False,False
73,frame_0274.jpg,109.6,0.5771,0.7474,0.5714,0.16,8,4,False,False
74,frame_0095.jpg,38.0,0.5755,0.7441,0.5714,0.16,6,4,False,False
75,frame_0124.jpg,49.6,0.5708,0.6124,0.4286,0.68,8,3,False,False
76,frame_0008.jpg,3.2,0.5681,0.6504,0.1429,1.0,4,1,False,False
77,frame_0299.jpg,119.6,0.5618,0.5728,0.5714,0.52,8,4,False,False
78,frame_0318.jpg,127.2,0.5593,0.6798,0.5714,0.24,7,4,False,False
79,frame_0177.jpg,70.8,0.5581,0.6076,0.7143,0.2,7,5,False,False
80,frame_0202.jpg,80.8,0.5573,0.5317,0.5714,0.6,6,4,False,False
81,frame_0195.jpg,78.0,0.5569,0.643,0.5714,0.32,6,4,False,False
82,frame_0077.jpg,30.8,0.5567,0.6756,0.1429,0.88,9,1,False,False
83,frame_0327.jpg,130.8,0.5538,0.6631,0.7143,0.04,11,5,False,False
84,frame_0192.jpg,76.8,0.5518,0.595,0.7143,0.2,7,5,False,False
85,frame_0071.jpg,28.4,0.5465,0.5215,0.2857,1.0,5,2,False,False
86,frame_0173.jpg,69.2,0.5454,0.6897,0.4286,0.36,7,3,False,False
87,frame_0018.jpg,7.2,0.5448,0.5181,0.2857,1.0,5,2,False,False
88,frame_0303.jpg,121.2,0.5441,0.6013,0.5714,0.36,7,4,False,False
89,frame_0188.jpg,75.2,0.5438,0.8144,0.4286,0.04,10,3,False,False
90,frame_0294.jpg,117.6,0.5437,0.6279,0.2857,0.72,6,2,False,False
91,frame_0296.jpg,118.4,0.5435,0.6595,0.2857,0.64,6,2,False,False
92,frame_0306.jpg,122.4,0.5433,0.7334,0.4286,0.24,8,3,False,False
93,frame_0168.jpg,67.2,0.5428,0.6901,0.2857,0.56,6,2,False,False
94,frame_0200.jpg,80.0,0.5415,0.7035,0.2857,0.52,2,2,False,False
95,frame_0304.jpg,121.6,0.541,0.7826,0.2857,0.32,6,2,False,False
96,frame_0082.jpg,32.8,0.5402,0.5513,0.4286,0.68,6,3,False,False
97,frame_0329.jpg,131.6,0.5397,0.7046,0.5714,0.08,11,4,False,False
98,frame_0184.jpg,73.6,0.5396,0.79,0.4286,0.08,7,3,False,False
99,frame_0385.jpg,154.0,0.5392,0.7413,0.4286,0.2,10,3,False,False
100,frame_0376.jpg,150.4,0.5387,0.842,0.2857,0.16,8,2,False,False
101,frame_0186.jpg,74.4,0.5364,0.5426,0.8571,0.04,11,6,False,False
102,frame_0322.jpg,128.8,0.5328,0.573,0.7143,0.16,8,5,False,False
103,frame_0285.jpg,114.0,0.5291,0.6467,0.2857,0.6,6,2,False,False
104,frame_0286.jpg,114.4,0.5289,0.5446,0.4286,0.64,8,3,False,False
105,frame_0097.jpg,38.8,0.5277,0.6806,0.5714,0.08,8,4,False,False
106,frame_0175.jpg,70.0,0.5251,0.5954,0.5714,0.28,6,4,False,False
107,frame_0293.jpg,117.2,0.5251,0.6604,0.1429,0.76,8,1,False,False
108,frame_0389.jpg,155.6,0.523,0.7409,0.4286,0.12,8,3,False,False
109,frame_0284.jpg,113.6,0.5228,0.6502,0.2857,0.56,5,2,False,False
110,frame_0298.jpg,119.2,0.5174,0.6394,0.2857,0.56,5,2,False,False
111,frame_0382.jpg,152.8,0.5153,0.5701,0.7143,0.08,7,5,False,False
112,frame_0321.jpg,128.4,0.5124,0.5163,0.7143,0.2,8,5,False,False
113,frame_0316.jpg,126.4,0.5099,0.5272,0.7143,0.16,7,5,False,False
114,frame_0333.jpg,133.2,0.5099,0.6449,0.5714,0.08,10,4,False,False
115,frame_0081.jpg,32.4,0.5081,0.5567,0.2857,0.72,6,2,False,False
116,frame_0374.jpg,149.6,0.5071,0.5913,0.5714,0.2,11,4,False,False
117,frame_0174.jpg,69.6,0.5065,0.7135,0.2857,0.32,6,2,False,False
118,frame_0384.jpg,153.6,0.5038,0.7721,0.2857,0.16,10,2,False,False
119,frame_0028.jpg,11.2,0.503,0.4345,0.2857,1.0,6,2,False,False
120,frame_0309.jpg,123.6,0.5015,0.6121,0.5714,0.12,8,4,False,False
121,frame_0114.jpg,45.6,0.5009,0.5469,0.5714,0.28,7,4,False,False
122,frame_0010.jpg,4.0,0.4994,0.4273,0.2857,1.0,4,2,False,False
123,frame_0171.jpg,68.4,0.4992,0.5652,0.4286,0.44,6,3,False,False
124,frame_0129.jpg,51.6,0.4991,0.5605,0.1429,0.88,5,1,False,False
125,frame_0295.jpg,118.0,0.4986,0.5537,0.2857,0.68,9,2,False,False
126,frame_0198.jpg,79.2,0.493,0.81,0.0,0.44,1,0,False,False
127,frame_0172.jpg,68.8,0.4929,0.5686,0.4286,0.4,8,3,False,False
128,frame_0009.jpg,3.6,0.4924,0.4134,0.2857,1.0,4,2,False,False
129,frame_0386.jpg,154.4,0.4917,0.8016,0.1429,0.24,7,1,False,False
130,frame_0279.jpg,111.6,0.4905,0.6656,0.2857,0.36,7,2,False,False
131,frame_0122.jpg,48.8,0.4896,0.6534,0.1429,0.6,4,1,False,False
132,frame_0125.jpg,50.0,0.488,0.5166,0.2857,0.72,7,2,False,False
133,frame_0308.jpg,123.2,0.4859,0.6507,0.4286,0.16,7,3,False,False
134,frame_0203.jpg,81.2,0.4853,0.4575,0.4286,0.64,5,3,False,False
135,frame_0026.jpg,10.4,0.4836,0.3958,0.2857,1.0,4,2,False,False
136,frame_0183.jpg,73.2,0.4835,0.7795,0.2857,0.04,4,2,False,False
137,frame_0094.jpg,37.6,0.4828,0.6284,0.4286,0.2,4,3,False,False
138,frame_0011.jpg,4.4,0.482,0.4783,0.1429,1.0,5,1,False,False
139,frame_0381.jpg,152.4,0.4805,0.6878,0.4286,0.04,8,3,False,False
140,frame_0317.jpg,126.8,0.4784,0.6196,0.4286,0.2,10,3,False,False
141,frame_0091.jpg,36.4,0.477,0.5688,0.4286,0.32,5,3,False,False
142,frame_0301.jpg,120.4,0.4759,0.6044,0.2857,0.44,7,2,False,False
143,frame_0191.jpg,76.4,0.4757,0.6303,0.4286,0.16,9,3,False,False
144,frame_0032.jpg,12.8,0.4756,0.3798,0.2857,1.0,6,2,False,False
145,frame_0086.jpg,34.4,0.4749,0.4846,0.4286,0.52,5,3,False,False
146,frame_0229.jpg,91.6,0.4742,0.6592,0.4286,0.08,9,3,False,False
147,frame_0225.jpg,90.0,0.4739,0.6586,0.4286,0.08,7,3,False,False
148,frame_0020.jpg,8.0,0.466,0.532,0.0,1.0,3,0,False,False
149,frame_0194.jpg,77.6,0.4635,0.6435,0.2857,0.28,7,2,False,False
150,frame_0201.jpg,80.4,0.4634,0.4456,0.4286,0.56,4,3,False,False
151,frame_0280.jpg,112.0,0.463,0.5088,0.4286,0.4,7,3,False,False
152,frame_0307.jpg,122.8,0.463,0.5888,0.4286,0.2,9,3,False,False
153,frame_0012.jpg,4.8,0.4615,0.3516,0.2857,1.0,5,2,False,False
154,frame_0397.jpg,158.8,0.4608,0.5844,0.4286,0.2,6,3,False,False
155,frame_0226.jpg,90.4,0.4604,0.6476,0.4286,0.04,7,3,False,False
156,frame_0395.jpg,158.0,0.4601,0.615,0.4286,0.12,7,3,False,False
157,frame_0207.jpg,82.8,0.4597,0.4279,0.2857,0.8,4,2,False,False
158,frame_0275.jpg,110.0,0.4595,0.6676,0.2857,0.2,7,2,False,False
159,frame_0305.jpg,122.0,0.4593,0.5495,0.4286,0.28,7,3,False,False
160,frame_0120.jpg,48.0,0.4588,0.5381,0.2857,0.52,5,2,False,False
161,frame_0083.jpg,33.2,0.4536,0.4797,0.2857,0.64,4,2,False,False
162,frame_0090.jpg,36.0,0.4511,0.5011,0.4286,0.36,7,3,False,False
163,frame_0130.jpg,52.0,0.4509,0.448,0.1429,0.92,5,1,False,False
164,frame_0232.jpg,92.8,0.4508,0.6502,0.2857,0.2,7,2,False,False
165,frame_0181.jpg,72.4,0.4506,0.5424,0.5714,0.04,8,4,False,False
166,frame_0206.jpg,82.4,0.448,0.3348,0.4286,0.76,4,3,False,False
167,frame_0233.jpg,93.2,0.4442,0.5352,0.4286,0.24,7,3,False,False
168,frame_0289.jpg,115.6,0.4434,0.4971,0.1429,0.76,6,1,False,False
169,frame_0112.jpg,44.8,0.4418,0.5465,0.4286,0.2,5,3,False,False
170,frame_0193.jpg,77.2,0.4414,0.5296,0.4286,0.24,7,3,False,False
171,frame_0320.jpg,128.0,0.4409,0.5286,0.4286,0.24,9,3,False,False
172,frame_0390.jpg,156.0,0.4407,0.5922,0.4286,0.08,9,3,False,False
173,frame_0180.jpg,72.0,0.4396,0.5044,0.5714,0.08,7,4,False,False
174,frame_0394.jpg,157.6,0.4389,0.503,0.5714,0.08,5,4,False,False
175,frame_0372.jpg,148.8,0.4358,0.5664,0.4286,0.12,10,3,False,False
176,frame_0373.jpg,149.2,0.4356,0.55,0.4286,0.16,7,3,False,False
177,frame_0325.jpg,130.0,0.4352,0.4258,0.7143,0.04,8,5,False,False
178,frame_0283.jpg,113.2,0.4326,0.4,0.4286,0.52,5,3,False,False
179,frame_0106.jpg,42.4,0.4278,0.5824,0.4286,0.04,8,3,False,False
180,frame_0314.jpg,125.6,0.4274,0.5657,0.4286,0.08,6,3,False,False
181,frame_0027.jpg,10.8,0.4272,0.3687,0.1429,1.0,4,1,False,False
182,frame_0269.jpg,107.6,0.4259,0.5786,0.4286,0.04,7,3,False,False
183,frame_0019.jpg,7.6,0.4252,0.4504,0.0,1.0,2,0,False,False
184,frame_0115.jpg,46.0,0.4249,0.5504,0.2857,0.32,7,2,False,False
185,frame_0287.jpg,114.8,0.4231,0.4885,0.1429,0.68,8,1,False,False
186,frame_0088.jpg,35.2,0.4207,0.494,0.2857,0.44,5,2,False,False
187,frame_0185.jpg,74.0,0.4146,0.5401,0.4286,0.08,9,3,False,False
188,frame_0023.jpg,9.2,0.4145,0.3433,0.1429,1.0,4,1,False,False
189,frame_0313.jpg,125.2,0.4144,0.727,0.1429,0.04,2,1,False,False
190,frame_0281.jpg,112.4,0.4112,0.5606,0.1429,0.44,7,1,False,False
191,frame_0204.jpg,81.6,0.406,0.3685,0.2857,0.68,2,2,False,False
192,frame_0013.jpg,5.2,0.4049,0.324,0.1429,1.0,5,1,False,False
193,frame_0272.jpg,108.8,0.4044,0.6053,0.2857,0.08,4,2,False,False
194,frame_0398.jpg,159.2,0.4044,0.627,0.1429,0.24,8,1,False,False
195,frame_0214.jpg,85.6,0.404,0.4286,0.2857,0.52,3,2,False,False
196,frame_0218.jpg,87.2,0.4011,0.4867,0.2857,0.36,4,2,False,False
197,frame_0282.jpg,112.8,0.3991,0.6062,0.0,0.48,7,0,False,False
198,frame_0391.jpg,156.4,0.3986,0.524,0.4286,0.04,10,3,False,False
199,frame_0109.jpg,43.6,0.3976,0.5061,0.4286,0.08,7,3,False,False
200,frame_0133.jpg,53.2,0.3972,0.3086,0.1429,1.0,8,1,False,False
201,frame_0179.jpg,71.6,0.3955,0.5716,0.2857,0.12,7,2,False,False
202,frame_0268.jpg,107.2,0.3945,0.4998,0.4286,0.08,5,3,False,False
203,frame_0084.jpg,33.6,0.3934,0.4611,0.1429,0.6,4,1,False,False
204,frame_0196.jpg,78.4,0.3924,0.4694,0.2857,0.36,3,2,False,False
205,frame_0022.jpg,8.8,0.3913,0.2112,0.2857,1.0,5,2,False,False
206,frame_0103.jpg,41.2,0.3908,0.4604,0.4286,0.16,7,3,False,False
207,frame_0221.jpg,88.4,0.386,0.5045,0.2857,0.24,7,2,False,False
208,frame_0216.jpg,86.4,0.3834,0.5051,0.1429,0.44,4,1,False,False
209,frame_0121.jpg,48.4,0.377,0.3586,0.2857,0.56,5,2,False,False
210,frame_0205.jpg,82.0,0.377,0.3803,0.1429,0.72,3,1,False,False
211,frame_0118.jpg,47.2,0.3762,0.4049,0.2857,0.44,6,2,False,False
212,frame_0311.jpg,124.4,0.3755,0.5635,0.2857,0.04,4,2,False,False
213,frame_0087.jpg,34.8,0.3753,0.5586,0.0,0.48,4,0,False,False
214,frame_0096.jpg,38.4,0.3752,0.531,0.2857,0.12,7,2,False,False
215,frame_0211.jpg,84.4,0.3744,0.3213,0.2857,0.64,4,2,False,False
216,frame_0302.jpg,120.8,0.3712,0.4966,0.1429,0.4,9,1,False,False
217,frame_0371.jpg,148.4,0.3706,0.452,0.4286,0.08,8,3,False,False
218,frame_0104.jpg,41.6,0.3702,0.6067,0.1429,0.12,6,1,False,False
219,frame_0228.jpg,91.2,0.3699,0.4667,0.4286,0.04,9,3,False,False
220,frame_0024.jpg,9.6,0.3691,0.3382,0.0,1.0,3,0,False,False
221,frame_0123.jpg,49.2,0.3686,0.3954,0.1429,0.64,7,1,False,False
222,frame_0217.jpg,86.8,0.3662,0.4866,0.1429,0.4,4,1,False,False
223,frame_0178.jpg,71.2,0.3593,0.4832,0.2857,0.16,6,2,False,False
224,frame_0220.jpg,88.0,0.3567,0.5157,0.1429,0.28,4,1,False,False
225,frame_0119.jpg,47.6,0.3524,0.3413,0.2857,0.48,7,2,False,False
226,frame_0025.jpg,10.0,0.3499,0.2998,0.0,1.0,3,0,False,False
227,frame_0085.jpg,34.0,0.3463,0.3829,0.1429,0.56,7,1,False,False
228,frame_0399.jpg,159.6,0.3457,0.4079,0.2857,0.28,7,2,False,False
229,frame_0273.jpg,109.2,0.3448,0.4701,0.2857,0.12,5,2,False,False
230,frame_0323.jpg,129.2,0.3423,0.4652,0.2857,0.12,6,2,False,False
231,frame_0219.jpg,87.6,0.3387,0.4637,0.1429,0.32,4,1,False,False
232,frame_0223.jpg,89.2,0.3363,0.4371,0.2857,0.16,9,2,False,False
233,frame_0324.jpg,129.6,0.3359,0.4684,0.2857,0.08,7,2,False,False
234,frame_0222.jpg,88.8,0.3333,0.4151,0.2857,0.2,7,2,False,False
235,frame_0100.jpg,40.0,0.3289,0.4704,0.2857,0.04,6,2,False,False
236,frame_0111.jpg,44.4,0.3274,0.505,0.1429,0.16,5,1,False,False
237,frame_0383.jpg,153.2,0.3238,0.4281,0.2857,0.12,5,2,False,False
238,frame_0393.jpg,157.2,0.3147,0.442,0.2857,0.04,5,2,False,False
239,frame_0213.jpg,85.2,0.3125,0.3153,0.1429,0.56,4,1,False,False
240,frame_0199.jpg,79.6,0.3106,0.3435,0.1429,0.48,2,1,False,False
241,frame_0092.jpg,36.8,0.3035,0.4093,0.1429,0.28,5,1,False,False
242,frame_0215.jpg,86.0,0.2999,0.322,0.1429,0.48,6,1,False,False
243,frame_0108.jpg,43.2,0.2926,0.4834,0.1429,0.04,9,1,False,False
244,frame_0212.jpg,84.8,0.2871,0.2485,0.1429,0.6,3,1,False,False
245,frame_0093.jpg,37.2,0.2787,0.2899,0.2857,0.24,6,2,False,False
246,frame_0102.jpg,40.8,0.2753,0.3311,0.2857,0.12,7,2,False,False
247,frame_0310.jpg,124.0,0.2747,0.346,0.2857,0.08,7,2,False,False
248,frame_0190.jpg,76.0,0.2721,0.3248,0.2857,0.12,5,2,False,False
249,frame_0224.jpg,89.6,0.2706,0.4931,0.0,0.12,4,0,False,False
250,frame_0267.jpg,106.8,0.2486,0.3634,0.1429,0.12,6,1,False,False
251,frame_0117.jpg,46.8,0.2388,0.3175,0.0,0.4,7,0,False,False
252,frame_0101.jpg,40.4,0.232,0.3462,0.1429,0.08,7,1,False,False
253,frame_0271.jpg,108.4,0.2119,0.4078,0.0,0.04,4,0,False,False
254,frame_0110.jpg,44.0,0.2095,0.2853,0.1429,0.12,3,1,False,False
255,frame_0189.jpg,75.6,0.2094,0.3868,0.0,0.08,6,0,False,False
256,frame_0197.jpg,78.8,0.1942,0.2284,0.0,0.4,1,0,False,False
